Subzone ID,Copepoda,Cladocera,Rotifera
Estuarine,41779.19003957758,19191.447281940087,596429.6522060195
Riverine,20098.92555915645,43836.47616671775,116617.85155806213
Stagnant,68517.0571145283,68192.44510182562,436532.61846143886
Transitional,41160.38781337321,33487.131047825496,468582.812286746
